{
  "manifest": {
    "apis": {
      "custom": {
        "endpoint": {
          "uri": "arn:aws:lambda:us-east-1:272134184117:function:539d525d-15cd-43f4-a075-7e24dfc7d000:Release_0"
        },
        "interfaces": [],
        "regions": {
          "NA": {
            "endpoint": {
              "uri": "arn:aws:lambda:us-east-1:272134184117:function:539d525d-15cd-43f4-a075-7e24dfc7d000:Release_0"
            }
          },
          "EU": {
            "endpoint": {
              "uri": "arn:aws:lambda:eu-west-1:272134184117:function:539d525d-15cd-43f4-a075-7e24dfc7d000:Release_0"
            }
          },
          "FE": {
            "endpoint": {
              "uri": "arn:aws:lambda:us-west-2:272134184117:function:539d525d-15cd-43f4-a075-7e24dfc7d000:Release_0"
            }
          }
        }
      }
    },
    "manifestVersion": "1.0",
    "publishingInformation": {
      "category": "KNOWLEDGE_AND_TRIVIA",
      "distributionCountries": [],
      "isAvailableWorldwide": true,
      "locales": {
        "es-MX": {
          "description": "Sample Full Description",
          "examplePhrases": [
            "Alexa abre hola mundo",
            "hola",
            "ayuda"
          ],
          "keywords": [],
          "name": "Hello Word",
          "summary": "Sample Short Description"
        }
      },
      "testingInstructions": "Sample Testing Instructions."
    }
  }
}